<Ads formatVersion="3" target="Avito.ru">
  <Ad>
    <Id>1</Id>
    <ManagerName>Иван Петров-Водкин</ManagerName>
    <ContactPhone>79166837822</ContactPhone>
    <Address>Владимирская область, г. Владимир, ул. Гагарина, 1</Address>
    <Category>Бытовая техника</Category>
    <Condition>Новое</Condition>
    <GoodsType>Стиральные машины</GoodsType>
    <Availability>Под заказ</Availability>
    <GoodsSubType>Кровати</GoodsSubType>
    <AdType>Товар приобретен на продажу</AdType>
    <Title>Стиральная машина Candy GC4 1051 D</Title>
    <Description><![CDATA[👆🏻Посмотрите все ФОТО, чтобы оценить кресло со всех сторон 👆🏻   <strong> Если напишете нам слово «КРЕСЛО» прямо сейчас, то наш менеджер составит для Вас индивидуальное предложение и сделает полный расчет стоимости!</strong>    --------------------------------   🖤Old-Loft - это эксклюзивная стильная мебель в стиле лофт под заказ    Кожаное кресло Clover Black Rotates даст Вам в полной мере прочувствовать свою значимость, став ярким и, главное, комфортным дополнением Вашего кабинета   ⚙️Вращается на 360°  ⚙️Материал ножек: нержавеющая сталь   ⚙️Обивка: коровья кожа Top Grain    ⚙️Доступно 25 расцветок    ⚙️Размеры и вес: 70*65*87 см, 15 кг    🚚Доставка по РФ от ДВУХ дней, ⏱️ Сроки изготовления – до 60 дней   --------------------------------   ❔Почему мы?    ▪️СОБСТВЕННОЕ производство    ▪️МЕЖДУНАРОДНЫЕ сертификаты качества    ▪️Расширенная ГАРАНТИЯ    ▪️Возможны ИНДИВИДУАЛЬНЫЕ дизайн-проекты    ▪️Выезд дизайнера-замерщика бесплатно    ▪️Нам доверяют ТНТ, ДОМ2, GAZGOLDER, ГОЛОС НА ТНТ, MR. GROUP.   --------------------------------   📷 Больше фото в нашем инстаграме       📍Посмотреть мебель вживую можно в нашем ШОУРУМЕ       ↓↓↓Ниже смотрите товары в наличии ↓↓↓]]></Description>
    <Price>15000</Price>
    <Images>
      <Image url="http://agishev-autoz.ru/img/4a23d08b-4ae5-4aeb-8174-319d4d1797a1.jpg"/>
      <Image url="http://agishev-autoz.ru/img/0fac52c7-fdab-4c01-88d1-d3456f0fe361.jpg"/>
      <Image url="http://agishev-autoz.ru/img/cf92b48a-17db-43bf-a0c8-077baae12b1d.jpg"/>
      <Image url="http://agishev-autoz.ru/img/96f6ea07-6fa8-4c63-a013-3b102e9de0f6.jpg"/>
      <Image url="http://agishev-autoz.ru/img/0a417341-959c-4b24-b542-3a8911beaf39.jp"/>
    </Images>
  </Ad>
  <Ad>
    <Id>2</Id>
    <ManagerName>фывафывафыва</ManagerName>
    <ContactPhone>6598765</ContactPhone>
    <Address>undefined</Address>
    <Category>undefined</Category>
    <Condition>undefined</Condition>
    <GoodsType>undefined</GoodsType>
    <Availability>undefined</Availability>
    <GoodsSubType>undefined</GoodsSubType>
    <AdType>undefined</AdType>
    <Title>undefined</Title>
    <Description><![CDATA[undefined]]></Description>
    <Price>undefined</Price>
    <Images>
    </Images>
  </Ad>
</Ads>